,ID,Popularity,Duration
Moonlight Drive,3T5xmnooZpmp5Nqz7rWzrL,43.0,180493.0
American Gigolo,4dV49dm1XBRvsm2EUZQad4,30.0,162000.0
Feel,3DbEbS7dExqASuAxOwbGfq,28.0,212906.0
Necrocomicon,48kEsmDHgw3r44pLVrToyq,33.0,100893.0
Dancing with Myself,7ghsa8hSWzpVVgQhiqMUSU,32.0,209866.0
Punk Rock Girls,0pIeyy1FqOrAkO0UjnHdKT,31.0,157880.0
Teacher Teacher,4Vb8fzZfCOI351qz1g0ExT,27.0,154226.0
No Other Love,3LAFsQgjXsuSIkgEKyvwCZ,35.0,233706.0
I Don't Think So,7LagVPEBG2Gu7Qwiqz0W8P,32.0,216533.0
O Holy Night,2IrtdNoHWXylIi6CGqdMqd,30.0,244306.0
Tailspin,7FmDlmB6pwVNfHzt2Xvp3T,33.0,198080.0
Trailer Trash,4ocTV4GJYwldjfrAamNVVB,32.0,110831.0
Getchoo,6R3QatE5PBeNgcTFYbHt9w,30.0,172586.0
Bask In The Shimmer,7c1oSGlJv50boZLmlQTNY7,33.0,209855.0
Eagle Beach,6EKTT0jPOQhtVbxy4Lemis,29.0,220922.0
New Amsterdam,0cUqdLp20Oz7zolsvB9oxS,36.0,131506.0
Life During Wartime,3WafGMVc8b3baPIP15KUsd,33.0,108739.0
Nights That Won’t Happen,4djPwQlldGMPqhKAonFMeO,32.0,368653.0
Letter From An Occupant,02A9aDbiRh1aRsnnq4MNp6,30.0,226026.0
Darkness and Cold,2Ets3Fh1aOQAC3uFtFbahb,31.0,238266.0
QB Blitz,6qp82sisFNqtPpc7eGBVOT,31.0,197453.0
Olde World,6xwyO7jsu0Q211VQwXtRzi,29.0,129487.0
Headwind,4Y8nzX8S2e6ft2fUuzpJGh,29.0,158773.0
Heart Of Glass - Single Version / Remastered,5lQOzJmQladWC4kLQClssB,37.0,252893.0
Use It,0IMZX10u38NefQy3LHhQJf,31.0,206773.0
Released into Dementia,5yajWgmzzdDXD5t9U84qFY,31.0,139397.0
61 Seconds,735dpb7NayIxOQfoeV1qzQ,34.0,258506.0
Out In The Streets - Remastered,2Sxny86sWlahqpFV5XqGhs,33.0,140640.0
Here Comes The Rain,3V7avwgec6ILm4pyqt8XL5,31.0,147285.0
You Won't Get With Me Tonight,2ywyHcaPWCOHopio9QsWmE,30.0,209360.0
Crush,4WgqQODh6GOGqIf7o7pkX4,30.0,191796.0
Happy Ending,1qv9TWDpXh50DPLgWD4bnH,49.0,218466.0
I Don't Mind - Remastered 2010,4OlDxRqGsnKKkXp7v12qmj,36.0,193933.0
Arrhythmic Palpitations,1vkCGTgrNUQ6LYWZwnUiC3,32.0,114720.0
Stay With Me,3UgiXDauVuj9HZKzFY8TBL,29.0,250506.0
Sad Tomorrow,0Ed2RTulkL3kp1n4a4c1RN,31.0,129066.0
Alone With You,0tk38XKrRuNCuLNhF9CNBQ,41.0,196600.0
planetarium,4LL1STQ7jA3LIhHSWplcbh,30.0,273019.0
The Flame,7KM52fyhuSxeIN1y2Sn6QL,41.0,338560.0
La Brea Tar Pits,1j2TizTO4V8pLyVNPIY3Ye,31.0,170071.0
Backstreets,3N0p4cQkFecfvcAZPAgK0e,30.0,206600.0
The Second Shortcoming of Christ,2CPUweKzBeacCdbCkZRmsm,32.0,76657.0
Helpless,1ymgqLh2075WO9YYGYGNG3,28.0,185653.0
Me and the Boys,34nvemmCG2uJBqo2GNFTrZ,30.0,210500.0
Mrs. Robinson - Remastered,1Hnv9uDIokwi4nkcVUyS0X,41.0,224480.0
Fisherman - Remastered 2010,0wlW1FqfNqWK8h40rQoaQM,37.0,146146.0
Helicopter - 2001 Digital Remaster,5NENJV66ziOAjF3HIRpmHV,33.0,234733.0
Drunk I,0pIsDm8kCkZPiq3z2hGmd4,29.0,53723.0
Not The Way To Be,1fkeKh9DK7UpCaB0NB1OcP,32.0,74784.0
That Is Why,7eilLreA3JyO5IkSEYQTBt,30.0,256839.0
Magnet's Coil - Remastered,27tojPwCRC7Ry9rCgwMmiF,31.0,147373.0
To Be a Ghost...,46xgkYwLw0qoExTRgNu9v9,31.0,242306.0
Dead Roses,5feaTnq8xITMtRpyAgXKrW,31.0,137014.0
The One That Got Away,0tpB81CM3HeTEwRQw3u1aw,31.0,171813.0
1F,0aLHvSnOVvaAFk0o8UL4og,29.0,180640.0
Dark Secret,2fdqlVnaZpdCY1xOl3W7YE,30.0,243333.0
Living in L.A.,3PgpsHgfBHdJIUjHehdg4b,31.0,217280.0
Never Let Her Slip Away,4jV4ld7z4BrswF3uKqz8Ny,45.0,208240.0
Opening Night,6yNsVwx2yyiI7bbNjpWa3c,32.0,147613.0
Crazy Rhythms,05htxQu6d5FwPQtz0uLWQ4,29.0,370920.0
"Last, Last Words",7d5Ji7wuQpWEiFBhgQexAK,33.0,171417.0
Tempted,7ajdzaU63J6emoUYpj3nOz,35.0,241013.0
Paranoid Circus,4Kg3zguXCuWacZGNbkWwYz,40.0,244693.0
Talking In Your Sleep,1LVDyF6lGAPQGiL09X9m01,37.0,235520.0
New Thing,00iVYbSh1B77akx1ITNWUL,33.0,257920.0
Beginning of the End,7bFi3zxYEvIPgGvcK7FmEI,31.0,195466.0
Thalassocracy,3GAkieEo3jm6rZf34rhCUg,27.0,93333.0
Modern Shakes,4QlCmrXKuHPV6vpgmRDKL4,32.0,148533.0
Longer Than You've Been Alive,072fkWOIzYbLLNMRwW7RTI,28.0,352546.0
On The Roof,3L8KI6QhN2UajDDSKPZxqU,29.0,178600.0
One in a Million,6Kzi4F77twuPRkNhxonUET,35.0,220706.0
Watch The Moon Come Down,5WkCNEAIYAP8y5QhCzBeFu,30.0,289093.0
Rip Her To Shreds - Remastered,23yUwzz4CQ8yzQ65ATN6Ds,33.0,202826.0
Unfamiliar Sun,6RMZQm0MRP8qkRKTnzyYWB,28.0,262386.0
Can We Still Be Friends?,4Io9zVkAKSu7LBdUGVQFL7,36.0,218440.0
Help You Ann,22zOTz6PaXcvCUqFz6yFC6,35.0,150600.0
Someone To Love,18XPe3ppnZ09SAP6YFPquX,31.0,232720.0
Shirts,3vHGv2e1xn7Dm3D4i8unmw,32.0,151786.0
Hold On Hope,1uIsJdRjJ1G2GEWZFjtpKq,33.0,211066.0
This Year's Girl - 2021 Remaster,1fdZTOJXydtRzCwBbHlJco,34.0,200853.0
Do You Wanna Get High?,6JwesoWbzk5pjBi3gaMWjb,31.0,207760.0
Thank God for Girls,0E2gTjYATqDoFj8lLLH4fe,31.0,210186.0
Perfect,0wLaEfGPXpXURXghzCwrjt,31.0,82898.0
Talking In Your Sleep,6FXQERPP5in7i1o3hk1vWi,33.0,236866.0
Weekend Woman,3dUnzfZ7QSyn9l2nG2NgCA,31.0,245746.0
Can't Stop Partying - Polow Version,4gsWvET11Mfb0ojrlgIfvu,28.0,262053.0
Your Love,4KYKp5ceBZeqq9CZUMcHlX,35.0,222960.0
Blue Like Jazz,4uufPlrTBcRHk3bR5jHKfB,33.0,192794.0
World's On Heroin,6RGDef9687S2stRSoMbpTv,34.0,119426.0
Endless Bummer,7MsP6bRg4d7rnuZqaN0HnE,31.0,254720.0
Blankest Year,7kLKRabmOzKsgc2vmt331x,27.0,132266.0
Emergency House Party,3VOx1cwDUHVBOK0Qaktvvp,30.0,111213.0
New Day Rising,0nSWm1Lj33t7Z9JOrkLHwj,33.0,154866.0
I Think We're Alone Now,2imlSz1OkvN8QyAkQ4WL2a,38.0,176040.0
Cream,5VJ3TBLhxLYGVGAYJYq45B,30.0,115805.0
Psychotic Episode,7sccWyVGdMHmxGWvZGi934,32.0,133506.0
Atomic,1PAKcvZUMSgEqRhmhZDeGk,43.0,282240.0
Local Girls - Digitally Remastered 1996,63lZR6NrvsosUAFwXSE63E,27.0,223666.0
I Want A Dog,2vmn9JhotAPHKP5XGhZ58z,31.0,168666.0
Summer Elaine and Drunk Dori,2dLrkKiddmHEYAQ7fUwfxw,31.0,205426.0
Bang the Drum All Day,7vGo6GXSO3A7YO7zZSHt0F,33.0,216573.0
California Kids,5CsQwb89zUbizwvDKoj0xo,31.0,205426.0
The Last Time,3rNtLFfpnCuQ3scQ07cKEs,32.0,84166.0
Futures,0xcaCnpCnhmFHH44MQhJ0Q,30.0,238426.0
Sing Me Spanish Techno,15wfDoEoLTjAdD8ycliy4v,31.0,256600.0
I've Been Waiting,7uWUTFclzEb1MhzJEOZt20,28.0,216986.0
Bird With A Broken Wing,3xSQkm3K4hHcxLabeYbGB3,32.0,231118.0
I Fell into a Bog,3E8GnuwV0tT4i4fsrQzVfG,33.0,89066.0
I Want You Back - Remaster 2005,7gMETwfAij1yUKdWjx7Pon,40.0,190653.0
Margaritas at the Mall,6EJ24umBSZ6sxmWm8AjHNe,32.0,234133.0
Too Bad About Your Girl,2kpwDdsXMXkYJmbyyjI1WN,31.0,169800.0
Fade Away And Radiate,7APz1pnCEsvfMhJpnXcfl8,32.0,243984.0
Across The Sea,31rGCrhGlPIj5MNLxSkls8,31.0,274520.0
Slow Death,44JvhqeLaMatXiA2VAtw25,37.0,263733.0
Go Places,2DtU4eF2GpEgmfNwhCQDAH,31.0,272666.0
Concrete Bed,70RAMABrNAqRel8nMHFRY2,27.0,149573.0
"O, My Soul",1ER5eW30eFxKo49gHOHgFi,29.0,338000.0
The Whip,5ougbVRCqpHM2JFUzO31ns,30.0,186186.0
Name Of The Game - Remastered 2010,2Z7c7algNrJeVyYWNH1HYw,37.0,321160.0
King of the Sea,6wlxdhtICglL0bKHgYjUcF,31.0,151586.0
Hello It's Me,20OPtTXspuUTRVTROMZHnF,32.0,215053.0
Sixteen Blue,6jvtd5tY3vwlHh4kOXRL8c,32.0,265440.0
Haunt You Every Day,33dpfp0qvIftcxpzDyA9sJ,32.0,277066.0
I Need Some Brain Damage,2sluXC1K53b66PRqlJLjTI,33.0,178026.0
C'mon,6vTkErP9Vs0cGK2eRh9Y8L,36.0,235813.0
Dinner's for Suckers,4SY0EXzqh7soUiDwpeT9qh,32.0,108520.0
Rosanna,46Em8Tk4iqp1qI9vT5dtf0,32.0,291525.0
My Spring Your Fall,61JLiusPv1z3VOn3MMPj50,34.0,250920.0
Midnight Sun - Remastered 2010,2GMZviWV8WEIHgdH7Y5vU2,38.0,167133.0
No Other One,3A5yU8aLFwqnMVWH1mQEzq,31.0,181933.0
Paid in Brains,0qKusFl8EidJtCmWWgTAv8,31.0,182000.0
"This Is War 5 - This Is Wardles (feat. Falconshield, LilyPichu, Jaynee, The Yordles, Rawb, Popushi & Nicki Taylor)",76jEXPH4WVrl1URk2ysI76,33.0,534073.0
Here Comes a Regular - 2008 Remaster,5Yc1rQKy4uv4QJFJTPHEiu,34.0,288133.0
HELLLLHOOOOLE,7DKyodwS3DcdkqmwlzDJZx,32.0,105994.0
"Healing, Pt. 1 - 2015 Remaster",6Go1ig0mE9P63U57wkyyRn,38.0,448986.0
Voices,3ao7thlAYIVPJw3e1u51PE,39.0,261066.0
Pills & Smoke,5obwLR73JZh0JFHRbhgg9s,34.0,154453.0
Cool For Cats,7zWE4XT8ATao3xxdHtKly4,36.0,190093.0
Gonna Raise Hell,7He4Taav43HuHhRl4nfd9j,33.0,560066.0
Divine Intervention,1Nq08q5FLReuiTLlWad9D1,28.0,337920.0
I'm a Pretender,60qFJiGvIKp6S8owIkCCeG,30.0,151813.0
Southern Girls,18IL1LfIsEHqmj17rnlw8K,32.0,223800.0
We Will Not Make It (Not Without You),7JllWelLM6xqTqCWFFRO4i,31.0,388068.0
Everything Flows,7un2yoOOyMF3teetbjw9GO,28.0,313293.0
Nightclub Jitters - 2008 Remaster,0NYs3fResVqrOVUEPd8Q4k,33.0,166333.0
Long Time,6Pt9gKCvcb970sLaTXhld1,38.0,275053.0
Snickers or Reese's,2gk18Mvex85Ap0kHBVaJ0g,31.0,181186.0
December,72xcjmj3heF2YU1HGAi8x0,30.0,183600.0
Crimson Wave,6ixncUHZXJpLWbej9oOms2,32.0,123328.0
Francesca,3CS9PpAn05oJAGTKo1RVKS,33.0,207837.0
Insect Nightmares,5gShhR2N7FnNVchoyvM3Vo,36.0,125306.0
Get Old Forever,4jCOQPjIYVMmT06kDWoJoj,31.0,199854.0
Two Motorbikes,5gl3oHCwZLmldOr464VWJH,31.0,152736.0
11:59,0yAi8iKRgy90VuNNZd3zhz,31.0,200864.0
1 More Hit,29s8uc1ZOR3yAWCA2O1mR4,33.0,185680.0
Cobra Skullifornia,4bF05KJHbr9sXJjgDiIQyq,34.0,185160.0
Unbreak My Heart,3X8feysVQ8Saawbv4uqqMC,30.0,251520.0
Jagged,4852QBP13qcS9Cm2ItLu2h,30.0,207184.0
Dizzy,5xn1j6DBs769Kn3BvGQWDA,33.0,285800.0
Anna,45EhQk9mjBt3Nz6bj57RJM,30.0,81533.0
Snow is Falling in Manhattan,5M9urPA8G6ogiqaEwGSqua,33.0,363640.0
Heart Songs,3vqCcVu9gq1UUey7Dks0kl,29.0,245880.0
War Of The Worlds,0ONMRH7REJ5zxlSUA9WQau,35.0,146026.0
"Run, Raven, Run",6f9USkiQECtHL0ZfoCQ5P2,33.0,314290.0
Earn Enough For Us - Remastered 2001,2JwsJrJhzW2zVoRkT22XXY,34.0,173963.0
How Can This Be Love,0I2h9T7HeYjP9yALFN8dJt,31.0,239933.0
L.A. Girlz,0U6QHjAcifZLGrVsFObjEK,32.0,209893.0
Wool in the Wash,0PNpf642AznR0ilBPOkXXk,30.0,236960.0
Smothered In Hugs,0491EjDNDRRwo9mBCsLaAX,31.0,180000.0
...While You're Alive,6X7MV3eAW5xeBXdaX6tOdC,32.0,113710.0
Disappear,0Ccrwow3ZPs4XBawO8fUcp,33.0,195773.0
Slit Skirts,0G77xJWRun3Yr7ek2482Ph,33.0,293240.0
The Dwarves Are Still The Best Band Ever,03QblNa20RzV47y7C2RnOr,34.0,103253.0
I Was A Fool,4vRf8lasPrZOytGizPT06B,30.0,213173.0
Even Here We Are,5WSS1ENUHOnDfJEcSOiuJa,32.0,101773.0
Blood Bath At Burger King,30OBhmqPtOEVH6ocDz7RHG,34.0,147613.0
Heart Shaped Guitar,4OyJDGOlkk5AcwKhOeXXuH,31.0,166026.0
Achin' to Be - 2008 Remaster,64PR170d8obrCvd2fEWd8z,32.0,222333.0
Malibu Love Nest,4OqkI9cMWdXvDDgkpcIQgZ,32.0,271506.0
All Of My Cryin',0ZX6xWNZGs318KhSRZ4jRO,31.0,149853.0
Waiting On You,3ovTVlWIAzB1XGG8dWPtFl,32.0,251160.0
Get Off On The Pain,5oWzBP3dXNtRseys30OaJB,33.0,211902.0
Blue Like Jazz,2fsk4MZ7vl6qDI9doCE0aV,32.0,192794.0
Falling For You,4rZqenX056M2jcl5vHgy6F,32.0,228786.0
Start Choppin - 2019 Remaster,6Rl7bI0f22xipMeYxZaSU7,35.0,338253.0
1015,049UFQryU07rpFmQzL3X8D,31.0,154954.0
You Deserve Love,6LLeQzvrPXcv4EOUW41aui,31.0,157226.0
The Whip,2xpu2799GTykq0nKP1jp57,31.0,185783.0
Castanets,13ZPqXux8XaJeDBM4rCcBo,32.0,207840.0
Magic,7pMD8YXl2VTPStgP5g1EuC,34.0,239626.0
Tastes Like Pain,4uiPJnPimQei5dYScZmEGY,34.0,122656.0
Less Teeth More Tits,1KTIiRdDDL1TDMKElzZ9je,32.0,188733.0
(I Want to Live on an) Abstract Plain,2bGW9TdzrATtZtHl4jGuHl,28.0,137760.0
Brand New Key,20KGZ4M94wfou9mkWvTMO2,28.0,172453.0
Dance with Me,5o8ckEsCQJsPSywz7KZJkV,31.0,159266.0
All The Love In The World,3sR4DlHGETLGfncj2PFqnI,49.0,211266.0
Playing My Piano,2WEyJPJT5yYf0ND1tYjGqN,33.0,156094.0
My Paradise,2WrL3s7u4m40yap7ui9RK9,39.0,216200.0
Whiskey Woman,7JCA5bnyl63Jd6YfiRoSHl,35.0,286840.0
This Is War 6,7jiIJLhboaQrPAHgY2LDrL,35.0,448484.0
All The Right Reasons,6s0HP7iEhQzUoniIzGpqZD,35.0,204186.0
Perfection - Remastered 2010,3ccHstKEStIOANQsaw078p,35.0,308600.0
If You Leave,4j3K2LLc8lnPlTOzpGjZ8v,36.0,290600.0
King For A Day - 2001 Remaster,7wBymwOuTrmb4ns4kaWyvT,33.0,217570.0
Minneapolis,3vZR5moYtrBx2fBoH1rHYa,30.0,230226.0
Where Is My Mind,2AsIm3Hr3GS4P4nntYSs2Q,35.0,260613.0
It Wouldn't Have Made Any Difference,00f5cJ88kjiyCLJebRHgAY,30.0,233800.0
You Wouldn't Like Me,5gLAzsggXSYANkyhByrPhj,31.0,212360.0
Weightless,58QKcx9p8Et10QIhi2Yjq8,29.0,212213.0
I Heard Ramona Sing,5IefcfH5fwxCGZImu5wpzL,28.0,220373.0
Da Vinci,18eR1w9NXigoppVRpdc4yk,33.0,245653.0
Beach Boys,2MW0ofGJTi9RfoCMPsfGrJ,32.0,231253.0
Kiss Me on the Bus,7b8BgGpMDmNjkOzfMfxCzi,30.0,173466.0
Favorite Thing,4OOdr4y9vFngVywhqn5hLZ,33.0,140013.0
DQ,6clIs8luQtsNHTPEjdwYNV,29.0,199400.0
Have Yourself A Merry Little Christmas,65I0jYQRiMNfiErE16Vq6q,31.0,315654.0
X Offender - Remastered,2Yn7a6j6jWq9xzQFP2myDS,37.0,194533.0
Denis - Remastered,3RIpoyYHjSTJtwoi5yHW1E,44.0,139087.0
Waiting for Somebody,3R6GxZEzCWDNnwo8QWeOw6,32.0,205200.0
Got It - Remastered,26u5qFgbFPphpINFMId852,33.0,136786.0
Sleep Talk,0YRi3Gq2kkqfuaZ2L4rynD,31.0,170586.0
Lying in the Sun,4qmcb1uWMuL80L8QtXwaOV,32.0,234106.0
Won't Be Home,5ioMZptcbpcFzAA0oiWlOZ,30.0,288560.0
She's Got Soul,6ZsocAcKcoCqtpwapvQYoB,34.0,143573.0
Should She Stay or Should She Go,2fxWF7s6TdyyLimiZkJpPa,34.0,215531.0
Midnight Wine,29ya2cQa0u96dSTctywzHI,33.0,198293.0
Blown to Bits,0NpezLdzfKGUoUINncvaqg,29.0,217893.0
Barrier Reef,7LDa61MEoQEeKKolxn4tgE,30.0,229146.0
Alright,0Ry8q3vTW38RgksBHVd7ZV,32.0,165992.0
Madonna Of The Wasps,2pRZG5wb6lDjVFjnnxz6sR,31.0,186066.0
Crimson Ship - Remastered 2010,1mJ0GZMe7woLYP4P8RYHbw,36.0,223466.0
Fly High Michelle,6wUR8lnkxuQUeHa0rJOolR,32.0,230826.0
Sludgefeast,3UjkBG3I1rs4GKvbqcJ8YP,34.0,317040.0
Numbers,4AZoTNP3naXZcyvLFveYhk,33.0,200551.0
Wind in Our Sail,6tZUOzi9p1j7stp8Y5OUoJ,32.0,173746.0
Denise,7Ijr2MeaWwyqXp48bSu1Cl,32.0,153666.0
Premonitory Dream,1XwBgVUPq6vbPgoumJMleT,31.0,186213.0
Accidents Will Happen,22x2y5gv5WLAR2L2bWTbUB,36.0,181720.0
Walk The End,6Vta21EMm0naRtSORnOr4X,34.0,247472.0
Public Domain,2GiIgyJtwPI8MufbswB5hR,33.0,134974.0
Records (feat. Noga Erez),0ZrZjd1zu5Cl4s4xXCUT6E,37.0,212067.0
Let's Do It Again,5TTkS20syAScXUX1UeH42f,32.0,60080.0
See A Little Light,7LdKMBKthcdBnAqlAIGqCB,32.0,212066.0
My Best Friend,1wwJYym3pzBEtIFKeeimdm,33.0,167866.0
Cautioners,7pyt9J4sp3cDgI0xkGrRiN,33.0,321306.0
Things,2RDVUW42IahtVvdeI9tcfN,31.0,202586.0
Things,2RDVUW42IahtVvdeI9tcfN,31.0,202586.0
Sunday Papers,5MRt5JfLp42Nvj5Gg2ZRwO,34.0,259466.0
Since I Held You,3FSnDLukaHpRQ6R08SF7TS,33.0,196800.0
I Need Some of That,1fDFIckfX373VPKvpIzFAl,34.0,199666.0
Pigs Is Pigs,6wOfwjT2TowI9OJEnd07Yw,32.0,116906.0
Another Day to Heal,5C3wvtSnd8WbhLNsx61K51,34.0,108626.0
Darling,4qspFwHsFN9cpkbOrwaR0b,31.0,250271.0
Union City Blue - Single Version,3a3JGuTQNYM3YawGpck7Ql,34.0,202230.0
I Don't Think She Cares,2KQCiTLa7yZuiIiCCODlFs,31.0,120465.0
Every Word Means No,1HipoaSYHoDxgMxwTmGxQ7,31.0,173786.0
Harvest Moon,5kt6AecUvWKRWE4Wyh1OCh,32.0,283978.0
"What's So Funny 'Bout Peace, Love and Understanding?",23ZXJvwmRBXAGG56ojkOPe,37.0,243680.0
Hail the King,5uL3BPZLD4qruklrgXTgzT,35.0,248987.0
The Electric Version,2zo4zZ7nMxRediEEQP5hb6,33.0,173000.0
You're My Favorite Waste of Time,2hlqnO2grWdKvh8yK6wAhZ,31.0,177840.0
Heart Of Glass - Special Mix,0P2fgmJp3a3PEu808hiQ1Y,32.0,272266.0
Beginning Of The End - Wyld Stallyns Edit,2fyDBrbs8FKIQ97EJwS4GB,34.0,207518.0
Tired Of Sex,0kDRiL3BmPyXCM6MqNt1yY,33.0,181173.0
The YMCA Down The Street From The Clinic,2eNGyCay6uoexlcw5pQ3lp,34.0,229133.0
Happy Kid,2cHIQUd6NocW07KLLcbzG5,29.0,250026.0
Devotion,1tZeHEchoo62G0xpEcjbAj,32.0,191826.0
A Spy in the House of Love,2L3nmEqQ8wm6KmYHeEHCy5,33.0,293866.0
Emotional High,6OFvScwNH6AaotlstekmkH,32.0,87420.0
bathroom community,4UiAhSACeY0Xt1zOZ9ZnJP,32.0,346743.0
This Is War 8,0AotQuhXG2JoGuzVvuz9XF,36.0,506606.0
World of Pleasure,2fgZL68IGUb6xfAYH6xR25,33.0,115517.0
All Kinds Of Time,6FeBkC4wmjcikm4Y2Orqnr,36.0,261746.0
Easier Said,5KOMmEpFZmon7Mnpkan3RZ,33.0,208229.0
Glorious Day,7ukgH1zo3oYXI40bj0PpHO,33.0,160826.0
Balloon Man,7uFGtwZl6M6r9KKCBaPlHx,30.0,215573.0
Quiet Storm,0JAxkHcBALtnweT2Nf6a8Q,36.0,127166.0
High as a Kite,4GgCug01dRWB6G6HCaNGtL,34.0,227093.0
Out There,0ZNnVYR8w9fBH2y0LmPfJT,36.0,353946.0
Game Of Pricks,3qDjdkXjsrRdwxIFdaLuwR,34.0,135160.0
I Hear You Knocking,2HMWCdOn8xL2M8WwPxHTQ1,36.0,170000.0
I'm Not the One,6eRLUjHubf9tlO7ZCc04Da,36.0,254066.0
PICK YOUR POISON,59B5CBl2vFYsZogVmCGf0L,35.0,187494.0
Pulling Mussels (From The Shell),45ZLCfy2GWCoihtg4URIn8,34.0,239400.0
Tiger Lily,7vq8cxjYDHUI4BoD27BYVh,32.0,287040.0
Ford Econoline,4YBWRHOXfB3T9B1TKRT1ki,36.0,221413.0
Francesca,15caSumbl2Ssbzhzrsgj7S,35.0,207837.0
"Call Me - Theme From ""American Gigolo"" / Remastered",6wzbWsPbfIR0nBjSqdbV7m,37.0,486933.0
Watch Your Step,4XbcBk2uoj7DZKxlVjjtLM,34.0,178546.0
Fa ce-La,7vicq20a3qdIFUBL9WIWaf,31.0,123160.0
Hark! The Herald Angels Sing,6myYlIrIBlKhGxYpRwfh03,33.0,92706.0
Summer's Cauldron - Remastered 2001,5X5WJEY8b5Z052VvkzbF8W,36.0,199760.0
Joining A Fan Club,7fDCNVM4XaBbq54HoCCFvR,33.0,243106.0
Cool For Cats,0SKXY43BvvMRemGKFdCx4x,44.0,194333.0
Obscurity Knocks,7twmS6bdoUPPZliJ0Ys5vD,35.0,253293.0
Flame,4l27J9YJWlSnwRYR1m2Oxa,35.0,294000.0
Slipping (Into Something),4csYfSym0B6ph2COUnpA9H,32.0,358133.0
Left of the Dial - 2008 Remaster,7nL0nuLhX6ItOoEq9RpkOO,33.0,223186.0
(Girl We Got A) Good Thing,2Sg9Iq2Q29hMNXa7ZpKxaG,33.0,205760.0
The High Road,6sLaUNmzULpSxRD2oDftV0,32.0,262773.0
The La-Z-Boy 500,3gcDZCAkSe41Jcc5NMq1MD,33.0,173533.0
Why Bother?,4W3uLgQTUl4fXAIdAvFRzK,33.0,126093.0
Happy Unhappy,76cBxI8i1tBvQSmXIMBmrA,32.0,209080.0
Goin' Home,5hiOrulxtOPBELccvQjjK1,36.0,258946.0
Back Seat of My Car,5QbyMCVXIRjdn50hDrdaZX,34.0,66640.0
Records,3jQeqx5wgp9F1EBYbzz27q,34.0,208920.0
Driveway to Driveway,7Fcs7IELpYZi0zTQZdnTMS,32.0,281173.0
Grass - Remastered 2001,4GpmzLeUrLirnvzjb1epVy,37.0,185759.0
Simple Pages,0oTeJt9aDvLv5lNt1ZnMxr,34.0,176706.0
Books About UFOs,6xecXf8OfP5QZTkmxmNxxr,34.0,169773.0
All the Way from Memphis,5lP2EYWk8LFUkM0grPWUFT,38.0,302560.0
Irene,2il6br5jlwMrK6PjoSvx2B,33.0,157551.0
Whatever Happened to Pong?,6Xn7T4SNqFXitbwyspGZgX,29.0,94706.0
A Million Miles Away,6YOhnujJCZwPnPHWIFSXiW,29.0,240133.0
Who Invited You,0MHUNRxAGd42ndBdnDxTeE,33.0,210960.0
What Happens After You?,5gWod9YHXBh6cdW8w2lszm,35.0,199592.0
High Ticket Attractions,7qsBXdwpIw2helu5VJ4KIX,34.0,231093.0
Is That Love?,2NlkMVp0jccPvLYlhpCRHq,39.0,151133.0
Favourite Thing,0sWwTuK62huyL0UUnB4eyY,35.0,230990.0
Times We Can't Let Go,5EV4oT6SXS6J5tsJWBnJeZ,32.0,115786.0
Johnny's Gonna Die,0pQvGy1DmlJcBTDIyTVKUK,34.0,210160.0
Green Shirt,5GsmZ8Q9RuoK663agEX2Po,37.0,163426.0
Not Too Amused - Remastered,5D6e2eR7ibXaeYCM9SkLts,34.0,255320.0
(The Angels Wanna Wear My) Red Shoes,0GmLrYUBXDC5vti77zBZfJ,35.0,167680.0
Waiting For The Sun,4SzvlUfcualqndA5MyOcDe,35.0,260333.0
This Is Such A Pity,1Gg2fM3kis2b3egi64bsDd,35.0,205240.0
Good Year For The Roses,4RZCoFsZHw9XvDZdv2jtkK,47.0,188920.0
Dear God - Remastered 2001,5WuRIlM4ACXHJwcjzlm9Gx,37.0,218933.0
Cracking Up,5oR0DLSJx9TSkLS5XZv5cc,40.0,179123.0
Dirty Cigarettes,6TwAaOX8aS0N50GzLeNHsd,34.0,182376.0
23,59d33G8qJVS1pGkPEChguB,35.0,443466.0
I Am The Cosmos (Original Version),6qVYMwJResPeA1EJOkz1Zi,33.0,222977.0
Shayla,1OGQGQgmbUnRStarwKxvrr,31.0,238060.0
That’s Just the Way That I Feel,5mgCP62kIGit9ICUdaqIgq,34.0,203693.0
Everybodies Girl,3CTJUllVNFhWc8TEawgPsE,35.0,162373.0
Ghost Town,4V3aY13j3FUamYQ16TpWyO,51.0,253373.0
Mr. Rabbit,2muiH10QnLBqwva1IwFPTs,33.0,145493.0
Go Away,1O9D7P7Z1wMJXW19zTXrXi,35.0,193733.0
"Ain't That a Shame - Live at Nippon Budokan, Tokyo, JPN - April 1978",7ej76VUd7UrJv6k11GGByI,34.0,309266.0
Doublewhiskeycokenoice,5bPbaM56LOCaPqD9xAWZtU,35.0,140333.0
Maybe Tomorrow - Remastered 2010,15RXL05X13S8iZaQ9LPKOj,40.0,180600.0
You Might Think,1ShOixQViqlhgbkjjR2jkU,37.0,187973.0
Great No One,4c03SdScyZkFELVKv70fna,32.0,202880.0
Tonight She Comes,5SIYaNaet1KMzNsPJXhUUV,39.0,236733.0
This Is War 7,7iMF5IfwQK8eiuh6zFm0F1,36.0,600072.0
"Crying, Waiting, Hoping - 2006 Remaster",2jxH1ZOy8xHd90xNVml77W,35.0,141000.0
All Come True,5zWT2Z5rm7KviPzMzlP3PV,35.0,351653.0
Tractor Rape Chain,4dftKNQqg8kWquNuDd6CDe,33.0,184840.0
Crumble,3Wr6nJVfrxS165lPFhw4OT,33.0,244053.0
Don't Cha Stop,6Lyicg1iVi8G984O3LcNQf,34.0,183106.0
Percolator,5qL7xLKWFsDbe1ojGl9cRT,31.0,166893.0
Echos Myron,0kSxRxxiI1Vaiispzszvf0,33.0,162293.0
If Only You Were Lonely - Twin Tone Single Version,59r4xGhKwI5SpuxUylvTKP,34.0,157306.0
The Boy With The Perpetual Nervousness,5JqY2OXHcgZKgDEe58TcF1,32.0,311000.0
No Action - 2021 Remaster,2GFakdGflCFgwFrJfZkvzK,36.0,121093.0
The Christmas Song,03e41JmoFNLssjNbHhDma7,34.0,187333.0
Dreaming,5WHY6S6FO0bdRNd8xYxyAG,41.0,188133.0
What Happens After You?,5CS0kW5IftyNcyAb9Xvgvc,36.0,199592.0
Get Off On The Pain,2fSskez8whLr8b1EAx8bkG,36.0,211902.0
Another Girl Another Planet,0PDZ4Rgj36MxVgvoMv3sk5,43.0,180093.0
Winning It All,5b0eLEc1mIPyYnjuWHqk67,36.0,202226.0
Beyond a Shadow of a Doubt,6ahkwnN7e9IbwLNkHGVtWP,35.0,142842.0
Wolfman Jack,7gYEcnIrG2MZsHHlfihStV,32.0,174386.0
Hold Me,1mfXhl9lnAnyiENJRw3CG5,34.0,262560.0
I'm In Love With A Girl,74bzzspSpM2X8k3PYwaxry,32.0,107346.0
I'm On Fire - Remastered,4etVLoQK3znrv8bVC8grsE,32.0,199626.0
soft!!!!!!,6VAmFt62CvHfxWeAom3fZW,33.0,126456.0
Evangeline,7LFJ9rJEh2OElqgi1ioAP1,31.0,285000.0
2am,4u0bdeY8kiaGguyfqZP4yO,33.0,289333.0
Soul And Fire,72WzLBoSQggMZ0S5hm95VH,35.0,226600.0
Maria,4jDhI4nE32u8meRN1aOu8u,51.0,245701.0
Only a Shadow,78wXlU3qebSlz65tGlrcI0,34.0,220150.0
Cold In The Summer,2znKKjSyVz1Z85ptTi8vBe,32.0,214506.0
dallas,0iDORHBnGtr5inRrezRKvl,34.0,421333.0
Never Talking to You Again,257zC1bFBkUyNRu8vGvkI4,37.0,100933.0
My Sundown,7Jxz80MpbvTsrW8EttiaY0,37.0,347866.0
All the Young Dudes - David Bowie & Ian Hunter Vocal,0mqSUEphLHhooUE91a9LHz,40.0,262773.0
23 Minutes in Brussels,2ArusOBCO5xbJV6QlreriJ,35.0,400746.0
Blueside,6ijZd8tYWt76hLXxaXBXUj,33.0,196706.0
She's Tight,6guQQe1dKmlhkW49saWzuk,34.0,178106.0
Then She Appeared - 2001 Remaster,6mBoE4SeqM0zYBKFvPB5Pd,39.0,231706.0
My Baby Gives It Away,6JmqK17UCpWoOzHtxqjRly,38.0,240400.0
Smile,3dYi32XQ9mVplNKDcWp59K,35.0,158666.0
See You Later Fuckface,6SQdbrDRS5q7WVnsOK27Fy,35.0,118520.0
Vanishing Girl - 2001 Mix,2y4B2qgihN59rMsJKKbdP2,34.0,179800.0
Rough Boys,5007Hz1InbSg4my3DCdCM3,37.0,243520.0
Eggplant,4qgNwAm5F5YUtEgAz3n3fc,33.0,151586.0
Whiteout Conditions,74yX0hOd0P3Vp622Vt4uSP,35.0,248213.0
Go Through You,0iJtDX4l9iylfqrR6zwrGi,31.0,236458.0
Ballroom Etiquette,0YfotAe6cmIICQWqo1nMBw,36.0,168440.0
Pink Turns to Blue,1icyef1nNmLusODA03FLGf,36.0,162933.0
Touch and Go,2pGw0Nuj75rdFt84bIAMlT,37.0,297733.0
Kracked,0R4l2uRfvKmalvsl6XJtrm,37.0,170960.0
I Wanna Be With You,7AC2sIU1IhrsNsI5x3dImr,34.0,187720.0
jhariah dies and goes to hell,2ET0LkH9pjirXfhAepOxvn,33.0,290800.0
"Radio, Radio",68zMm2sG8wCavafCFFYRPg,36.0,186146.0
Take Me I'm Yours,1LSKwfNjj1KVnXX1LCda9L,40.0,168560.0
Valley Winter Song,0g10ndCuaKKaDqUa7gKZMV,33.0,214960.0
Rip Van Winkle,4qZBvdqWuui5qj6ImvS14L,34.0,132226.0
So It Goes,6K8oEYCYwvEQWvq8hEDuDi,33.0,149200.0
I Leave Again,5lPPvhs361e1ZoFh3OaAAC,34.0,189706.0
Get Right,19cVww3dRYFzVvslJu2NtL,37.0,169573.0
Coming Right Along,1zcDDZPQLQiwXOq3hojxfk,35.0,379933.0
Many Roads to Follow - Demo,5HOywB7D2rcl4TpmRDFO71,33.0,134200.0
Tiny Spark,1b7wetkgd3AzltSWGVehAc,32.0,193746.0
Quiet Corners & Empty Spaces,7crEMhx5kDsaV7hHmL0gkE,36.0,186960.0
Tentakill (feat. Nicki Taylor),2nXoRJnUaoPoR5d2ENlfXp,37.0,288078.0
I Can't Stand Up For Falling Down,2Hd2wSNaIujq6CYVp2wLl6,43.0,126440.0
I Wanna Die in Los Angeles,0CDKEvcZFbZO1YTgpZxZno,37.0,142440.0
The End of the Game,5U6oyWNi4UztMFktgujaea,36.0,181706.0
(If You're Wondering If I Want You To) I Want You To,7akwKkIS6sp7Orbq7LEj5a,32.0,208773.0
Picture This,2zHdES7SpNrmyheE0LNVfo,34.0,178752.0
The Flame - Single Version,1pKubpcbRCOLY4wbvSDqzt,43.0,281693.0
Everytime You Cry,1uqhr88kb1ZhMZgrgi8je5,39.0,269226.0
Scram!,5QDRBTsKNDGEuSdnmBrTOC,34.0,171122.0
Who You Are,3DHHaUZrjhEV4jTWJYCbB7,34.0,152401.0
Lost in Space,274BPASjkClRXLfl6d0v5M,35.0,224640.0
"The Rain, The Park & Other Things - Single Version",0sOoGrE5PY5EBDQnR7Yysu,35.0,183106.0
Seventeener (17th and 37th),42CtnSJ6Ou875imsXrdj9m,37.0,165186.0
I Heard Ramona Sing,0RM60NkrBfm8wOe86wa9Y5,35.0,221000.0
Dying to Believe,0v45BclSWwMzJ3XmKabrZI,33.0,214250.0
Blues Before And After,3DQ8ApiouUOkUbzCmyXwgW,35.0,195893.0
"Spooky, Scary Skeletons - DMA ILLAN Remix",5fiH8RdAqIR6bSokyYRn2d,37.0,160560.0
Video Life,64bWAl2OJFilKBf8bl5rXx,35.0,192960.0
Metarie,61DUoVjRGWBHj1z17t9rSZ,33.0,206880.0
Makes No Sense At All,3NNwIsOgMLE2CmMHPCdb9I,36.0,166026.0
My Best Theory,62vYBYt9dJgI1Wn31iTdgC,37.0,203253.0
For You,57OfvZ1HFFTWQltTgdyj6N,43.0,267280.0
I Told You That I Was Afraid,7fQAIbfuEbWE4BDlaLGOrA,34.0,201733.0
My Sharona,1de0oQBdeAmOVsvZlnyZqK,34.0,239106.0
Kill,6dnHFZrpQDzSAxIsnQaEcJ,36.0,228853.0
I Wanna Be a Dog,0eQKmKinNwT4zBMElMC8u7,38.0,107912.0
Call Me,15iQTgs6zIsnIkVbQfnXrI,39.0,427040.0
The Ballad Of El Goodo,1B5kQto4k99RG67TJEwwS5,34.0,260160.0
Crab,0RzUwciNNYvMvdixIUtgfB,36.0,154560.0
Goodbye Girl,6lN1OCoa7avKZsmngLWJrn,38.0,178293.0
The Wagon,03MdJTsNPqVeh0N0aum2Kr,38.0,295360.0
A Passing Rain,1sOYDycYDl4WXWzjF5GB9e,34.0,195960.0
Sparky's Dream,1tpjZwsodyFBEo6kxrxLQr,36.0,197333.0
bone skull,22HB7jidIhm3PFu3GqzHLy,35.0,149270.0
Thirteen,14bdkfiD8UAYJalXKFwcwb,34.0,154480.0
"Spooky, Scary Skeletons - Undead Tombstone Remix Extended",5kwuPm3p11TnirbMvcGrZZ,39.0,229199.0
Denial,3ls9NoveQT0MqM1kvXTf0u,34.0,118037.0
(I Don't Want To Go To) Chelsea - 2021 Remaster,7uYyLVNjKY49L8o3AouXZd,41.0,190306.0
O Girlfriend,1EYwaLwf6fdS3NIlTbUZ3X,36.0,229733.0
Champions Of Red Wine,2cMpdjuAHJDuabECNtISbK,37.0,220880.0
Work,50yvvXV8oUAhW1lPAqlFQQ,36.0,203506.0
Susanne,34wGEHacpIAsGhNxv8ryDG,35.0,164973.0
Simple Pleasures in America,0rGtGuRjm7u2LSE3xF14ib,34.0,162120.0
Runaway,5Nj8hRCmb49TEXLjojNrjg,36.0,135960.0
Need You Around,0skxqaapKhdZ2BW5H1Umxh,34.0,222693.0
Hair,5pjlEqTAOq1snQlcSMgF14,33.0,210333.0
Almost Ready,484RKkO9vsnnsPZhLoZHjh,35.0,188026.0
It's About Time,3ftDydhrDMyERL9AXqRKo7,34.0,221426.0
Knockdown Dragout,1cm3a22bsdWVpHlGJO7yl2,36.0,128333.0
I Wanna Die,2mtDwjfrevoXLrJVQvZGBx,40.0,115026.0
The Good Life,3YXDC3VVTtX1sARMomY5Fv,36.0,256986.0
Bed,15m5483Em8MXobInd1b3HT,34.0,170585.0
In a Jar,7CGCtE7X2QNH2jeBroGqDq,37.0,208666.0
Without You - Remastered 2010,1VrIr1toXX6bOSdotodB71,46.0,283493.0
calico,1ZCbstW79e7L10Iy1SGIfU,35.0,131200.0
Another World,2uarmXmjnJ7usA4dHl06t4,35.0,240133.0
"Can’t Dance, Don’t Ask Me",1d65R3sfRQqVZuA2S6ZCvq,37.0,181510.0
Voices Of Babylon,3qBed3GRu5DCMIfSS4N2Dl,42.0,210160.0
Onion,6qoz7RXmF7RnZ0NkR7NWMy,34.0,166320.0
The End of the Game,4zB544yCIaSw3cuHltMCRJ,37.0,181706.0
Who Put You Up To This?,2mshO4kaORDWjMusGT2187,33.0,199715.0
Don't Bury Me...I'm Still Not Dead Yet,2QI9EE4YDKCpsPQe9S8lG0,38.0,166733.0
All My Favorite Songs,0HOvlNv2ClRN4Gb6Y40dxc,37.0,202703.0
When You're Near Me I Have Difficulty - 2001 Digital Remaster,0pG73CkloiWrsiQlSYJDj8,38.0,202240.0
I Did Something Weird Last Night,4LQCYlkxqjsnGLHUSS2BGl,36.0,191193.0
Right Back Where We Started From,2lOOJKbuXVpf40124ZYJQU,33.0,209946.0
Ballad Of Peter Pumpkinhead - 2001 Remaster,50GQrTJ85qG7wSPoGjvuCM,40.0,302000.0
Island in the Sun - Live from Spotify NYC,6QuYC4Vcr3myWxZRJxg4NZ,44.0,224353.0
Change In The Weather,5PzDBaQKziLCHGbMLUyxwI,34.0,222573.0
Sure and Certain,48nnqkmwmjZ7ohyShSyKAm,37.0,215706.0
Mexican Fender,1ZLfI1KqHS2JFP7lKsC8bl,36.0,189813.0
Make Me Wanna Die,4ma23WTWZJ3TDfJ8cBVJPP,35.0,153478.0
Get It Faster,07Bw7ACBw1xzhKpXrraskA,37.0,261933.0
Is This Music?,6x61GBpLhEyGDegNnsydNH,35.0,196000.0
Tragic Girl,2J4Q2WIx3572uZuTTNkCby,36.0,326293.0
Motherfucker,00F9LiolJIUlkDNknhaVJM,39.0,83400.0
I Am A Scientist,0oN2fJx5t5BzkKQQiojHrr,37.0,144400.0
Start Walking,4Oz9AJXr6uv0dvfmVbOd9V,38.0,106266.0
We Are All On Drugs,5salGxFLSXV88FU6NQ7Iru,37.0,214160.0
In The Street,7fwUb4zqdjakeeyuYEhkI8,34.0,174733.0
Your House,2AYVRHuzCRn0eZipEZX4EP,38.0,286146.0
Portland - 2008 Remaster,5Hbfkjjq5PQtDPzLaUb9Ql,35.0,268800.0
Year Of The Spider,40S5WFITImmsEWCxnYE2BV,36.0,150786.0
The Goldheart Mountaintop Queen Directory,4SrE9bJwNC2ldX8rAXsrKE,38.0,105333.0
I Bow Down and Pray to Every Woman I See,7DiBlR27vRGCmr60SMMCWB,39.0,213800.0
Hello It's Me,2ckXnzyvgva2oE9FWjb405,50.0,264093.0
El Scorcho,4rzEjTzcG4sP28IUnRwlex,36.0,243666.0
Kind of Like Smitten,4pqOlWmMkhPnwe5x3e9LGM,36.0,73506.0
Best Left,7muxvZOa2AHu2P73NflOdZ,35.0,238493.0
California Man,5e4kUj91oLjKxxiT8akiQV,39.0,224800.0
Megan,1I1r9PbKBncfwHUjED4Bh3,35.0,190200.0
Breaking Us In Two,36lvQP8MgB6ZDJ0zgQ64Cn,36.0,292896.0
Blonde On Blonde,7uzbmVkKDp4VieUkbqJ3Vg,33.0,274666.0
O Come All Ye Faithful,7dM5NHRKrNUCDJQbn9KsGS,36.0,124653.0
Ca in July,6EDF5zeQm8c6sBOcZjOE7y,37.0,120453.0
For Me This Is Heaven,64Kk49W8HFh22diWSBVxCr,37.0,246560.0
Feel The Pain - 2019 Remaster,2adp7l3NdcLR1kS6Whnd0a,38.0,258426.0
Dream All Day,6NQ9hBc6yra6j9fMbnMTS7,35.0,184426.0
Shake Some Action,0Afai8u1STCaDyTTm1gEZf,41.0,273306.0
Drug Store,5K1E9dBYXIKqTbqlOnshto,39.0,65893.0
Notre Dame,1QT3Is0dh27Avn6aRtGOZ8,39.0,153016.0
I Hate the Weekend,4ve7zbGDOJ9WIlPiUoTtVp,37.0,125935.0
If I Can't Change Your Mind,15WWh0s2lB6kYryjjvNxTh,34.0,198933.0
Patience,0xFEpNfqtoBgXeaUDwN6el,35.0,132917.0
Tempted,3hRKQbiI9moxh2mHaTzQUm,38.0,240866.0
We Gotta Get You a Woman - 2015 Remaster,4I8ItX9JAA8ROVQesGscAw,37.0,187120.0
You Are the Girl,4Dvfdhc0DnWUSKZgDe6opm,43.0,233293.0
Staring Out the Window at Your Old Apartment,1ncpscU530FBOReZVgp7Jj,37.0,201862.0
Paranoid,3n8bWAjDqrAscPTHoCVY3U,38.0,164853.0
Don't Let Go,7HFC0t4r97pMHDRrv7lo7k,38.0,179533.0
Well and Spring,0vh2jSiS62dKP3yFzvMW7k,36.0,200453.0
Buzzards And Dreadful Crows,207kBEL2brJ2rRnlixCJ8n,36.0,103066.0
It's Different For Girls,6RnhPvk4EBbOJVETOQtMA5,35.0,222173.0
Falling Down The Stairs Of Your Smile,4UI61nJPFufxBYSuMnMaxA,38.0,224493.0
The Greatest Man That Ever Lived (Variations On A Shaker Hymn),2LJYikujMBFHAAHl3GkCBa,35.0,352200.0
Don't Be Cruel,6A1MJbqxcHvNcT0u9qMqEP,44.0,187200.0
My Brain Hurts,1hFyrp5jX9AEClQFPGnWZ9,40.0,187306.0
All I Hear Is Static,0tAch3T93JLJiJKEX50RGZ,40.0,126533.0
When I Write The Book,2BciChdBlazHaOyAUdECLI,34.0,196640.0
Hourglass,5Y6HTd7VB0O8Aki4EvmB4x,40.0,197106.0
I Will Deny,02TspWzcxpgDAfy97EJSn8,40.0,99866.0
Talk To Me,6hwqHKyOBZvKUUmUJeC5gK,45.0,214800.0
Pink Triangle,7JLqD2JnQXiwec88BVyY9f,37.0,237386.0
Not Running,2xG946Gxp683coB1i6I44y,36.0,231653.0
Wave Goodnight to Me,4A2UXX69MKyUEaSgh8cVA1,37.0,179902.0
"That's Really Super, Supergirl - Remastered 2001",1QSe34AvBgTBTpRK3RLpQe,38.0,201000.0
Dear God,7e5KPODQV0f3LclrJGAfTw,40.0,216345.0
Speedbumps,3TA50wiSbA5PZuLLtAXueE,39.0,186653.0
"Birth, School, Work, Death",7lWvECULXPh7RoAT1fmgo3,39.0,248826.0
Sheraton Commander,5jnOiwNBU9Ka9rRAIJTz2H,39.0,123826.0
Kiss,5WiCvJS4udpz49aXiuatOS,37.0,75783.0
When Company Comes,0n6YGJKKcY5cwSV8A8d49H,36.0,136386.0
Talking in Your Sleep,08JKuFJCHJVw1SgHHjwsS9,41.0,234866.0
I'm The Man,14CfaoUN33XcQpS1BeGpcP,37.0,238666.0
orchids,7cF0ZugIiSAmfXnEVu98xZ,37.0,274000.0
Five Lessons Learned,23RuCuUzVU8KMJOjJqH424,44.0,115906.0
Don't Let Me Be Misunderstood,1ahrChnrh6tiVodmvmYacN,47.0,201253.0
Futures,6vkN5oRi56GK0lPX0X0EZN,38.0,238426.0
Sweet Thing,4hen3qSVNAgtmU0g6IHtVh,35.0,127902.0
I Want To Listen,5JrhMcZ4T2Uvj1oUoHxH8e,36.0,132986.0
Pretty Baby,0Yue9xdK8DrISp8AeEpTDY,38.0,203159.0
She,0jTk93D8IGdCQVlFs4AvuP,1.0,186266.0
She,6sQy3kAiMUC9lqzlQ8P1hk,1.0,186266.0
Hero,5AprQMAX0PtpG923NUgZN6,38.0,236346.0
All the Good Ones,5jbF98Etpr6mBTwEZ5efyW,39.0,164253.0
Looking For The Magic,3kJXrEVUCdPQ3e4e5k9OHC,36.0,198106.0
In Love Again,3r7p1yUo7SZIU8xPZS1UC9,36.0,258522.0
You Can't Get What You Want (Till You Know What You Want),1PRiwwG9wDMsqgtapWlu70,46.0,293000.0
"I'm Serious, I'm Sorry",69bUNk3e7UnU3o9B1eyUsB,37.0,167851.0
"If You Don't, Don't",5prYdqVZFzoOBj33WFTdJu,38.0,273200.0
The Bleeding Heart Show,1tMJ9MXPbSWbQSyIPxtWII,40.0,267146.0
Wanted You,6TDZDeTpzDl4v4cbqECsmQ,35.0,202733.0
You Gave Your Love To Me Softly,6nfLKum9Lr2AuLkeDMoJ8e,38.0,118653.0
neon glow,3rVfG634q6Fs3cD8o2wuaK,37.0,233323.0
Dancing with Myself - Single Version,5ABwsrPHOZJTwYzOdd7huO,40.0,207800.0
555,2TJkd845G0ocbd0m5jLroC,39.0,221186.0
Head In The Clouds,0MIdGOfDVaQo8uw3kawpZd,36.0,241480.0
Skull - Remastered,56Q8GaEPssuYI7VyqxPzxh,39.0,144973.0
Out of Sight,4DqtxSahSjWE4PRuTrQsWK,37.0,219778.0
Bright Future In Sales,6ZSf7RLIbwYsz9cz6KY6VA,37.0,186493.0
They Call Me Steve,2PjjQv4785YfDhXs2KvrPc,41.0,140893.0
Judy French,3ZkBjH8PdsINy7fRo0tsqz,38.0,205771.0
September Gurls,74njazGdnO2igjEkb0mGiy,36.0,168066.0
Indian Lake,5JaN7UNzRF91yL5cpFrOPF,38.0,163546.0
The Want of a Nail - Live,65nasT8FXvmI6i4LW2eNje,9.0,295344.0
The Individualist - Live,1Q6j18zxY8w1KzimYlJdEN,10.0,459407.0
Tiny Demons - Live,7KYCB0uKrDLhyvJVHoaJvo,9.0,241197.0
Bag Lady - Live,4gsOrV0scavVivxIJF9AB7,9.0,231666.0
Fade Away - Live,1F9JYE4CGklNLT9Gw0iFRS,10.0,221510.0
Whistle in the Wind (End of Everything),4QoxVUvvGiKuVMyF6mHOEv,36.0,263186.0
Compassion - Live,3jMhEaqA5pzwz6adlAa3da,12.0,291522.0
Moment In The Sun - Bonus Track,0yqGaBZ0r4av8o40knrpjz,39.0,189634.0
Fair Warning - Live,2wpz8A8fl64ul5t6vzaic3,12.0,499245.0
An Elpee's Worth of Tunes - Live,1LFMzm5kjYHc81gc1IAzaX,14.0,136364.0
Love of the Common Man - Live,7hfbeHUvbGjVxftHvm1O3G,13.0,325557.0
Always Be,7LyZKnITD52R7SLxoh2VFq,41.0,184680.0
Real Man - Live,4UgN9bTUKLzysT5imesyKN,13.0,249180.0
Too Far Gone - Live,4jGCyU4Dbdckx3zaHuA4eY,13.0,171146.0
Can We Still Be Friends - Live,2cE5iQaKJKQOKcMUm9h42k,14.0,227592.0
Sometimes I Don't Know What to Feel - Live,4zELbdz1mATYrMkwi5MpX1,15.0,246224.0
A Dream Goes on Forever - Live,0KgtlOYzR3ufQDqjhPbnGZ,14.0,202408.0
King of the World,5vBuxtwitUimHR2gBOnJYR,38.0,204480.0
23,12tjs2HBsd4puDnUgZMKki,39.0,433160.0
Black Maria - Live,0nSvzkDLo2XxbF50033JdU,16.0,347553.0
The Concept,702Gf3Gh3NsC1KbCFrlrpe,37.0,367026.0
Motor Away,1pomBAKCKt5Lvk8FdckYfV,38.0,126800.0
Aloo Gobi,6rSJz9u8Y9xixsh5fKu9hV,39.0,183672.0
It Wouldn't Have Made Any Difference - Live,7jOVprK0qpyd8L2XewpOXz,17.0,230578.0
Blizzard of ' 77,3ghULzyl9OXKlCiwQFitx2,34.0,129199.0
Shake Your Lonely,71gZOVZcfn2Yp6evM2PdzW,37.0,215687.0
We Gotta Get You a Woman - Live,3OgtpcbIgsvHeRXCgi9FZb,18.0,208632.0
Little Fury Things,1DKTXW8RFn6c1yYRQAPlGP,41.0,186893.0
Black Hole In My Mind,1pxdFGV2kO8oBmM8vys3F4,41.0,196160.0
What I Like About You,4VRJfWj7cNKivIggXeje8z,36.0,174933.0
Steppin' Out,1qaS4rwkm52lpkDZVmvF52,48.0,259493.0
Uptown Girl,0wf25HtOSaPDftmoWF3XGs,37.0,151000.0
How About a Little Fanfare / I Think You Know - Live,4CYFzrGGws2dvX3ihsjkVA,21.0,235065.0
Hello It's Me - Live,34pHUTogPZdRHSDvZsMjuJ,20.0,247776.0
Freak Scene,7FIhuHZUdUxWX2hDMGdIbF,42.0,216960.0
Mayor Of Simpleton - 2001 Remaster,39eEVHdCHNTmfg1KzEDxvK,39.0,238050.0
I'll Be You - 2008 Remaster,4J5VFtuLhbgKhz6UKkABXR,38.0,209386.0
One Way or Another,2ZUOmCodNzWpzaomqle7aW,46.0,208666.0
Jacked Up,6Uks8ZMSlASX7aygehQesZ,38.0,173506.0
Behind The Wall Of Sleep,04PXKaJMdeD8NFz1ttQ7SN,35.0,203800.0
I Want An Alien For Christmas,33O5sjotRAcT8nwOeYXXEm,39.0,139306.0
Sunday Girl,5v6VaqC8b4P7NcKb45W77j,36.0,186782.0
All My Happiness is Gone,0oCpNIVoV1iJK51xmh59Yh,40.0,260013.0
Ridin' in My Car,2sU2WLtS3QSvJBuIaug0ui,37.0,174706.0
Ruby,7e682OIvepC4gL58z8AdFx,36.0,131466.0
Lost Horizon - Live,0bRkU1Wv4TuFsmOhrW9kuN,28.0,296356.0
Back of Your Head,1LWCv9GUT0Ls8v1Dlm6fEi,45.0,119600.0
Stand by Me,1TGcnUxYcBZAcXBKtwwTZP,40.0,180920.0
"Can’t Dance, Don’t Ask Me",4tHLKeEcsUoZCU3sd65GMC,40.0,181510.0
Always A Friend,7jks9PIkGKjVTZI1M2Inyt,38.0,215533.0
Mass Romantic,2ws9VFJlPaxfeAX8YtQSiY,39.0,244240.0
Go,5IP1c6DNlnZLJwldkVgAtX,39.0,227881.0
One More Time,58mrmsFALBK0U5upDSZLvr,42.0,196866.0
If You Could Know,6x0YRMagFZNGC3PI2cHjuz,38.0,112413.0
ES,5YSFprpub5P5ImP7GgptCz,38.0,130406.0
Black Coffee In Bed,2Cdt88jHBtfVWC1tnqVviU,38.0,368173.0
Lucky Denver Mint,2GtMBnQshzpr6kIInqTJVd,40.0,229706.0
Your Love,46eIyA27ukhvGkVRUwqCKi,35.0,220626.0
Skyway - 2008 Remaster,1brtRz9XgEp1LifkL8z4wb,42.0,126266.0
Enter Sandman,6fwMnm8o21YXOgvSoKA9Fz,37.0,334195.0
Is It Like Today?,2KtRbxfn4BjegQCqLeCocu,47.0,311800.0
Hey Allison!,5iosyLp4YyJjvNNh0fYRVo,39.0,111705.0
Buffalo Grass - Live,7Dq79WbrNwKORZqvUuXmea,9.0,324851.0
Heartbeat City,5QuQFz3QK3ILCpBgGHGss8,45.0,270013.0
Always Love,6W0DcuZ8FqJjuX8CQwdyVS,36.0,198840.0
Black and White - Live,4iBhZBKeVROK5wBjInTsQy,10.0,297759.0
Couldn't I Just Tell You - Live,4ThOh8V1BCTiHigfz3i9dS,12.0,207596.0
The Death of Rock and Roll - Live,6BRDhZR49igLu319ejhy6K,13.0,233676.0
Something I Learned Today,523qoxtSZJE2io945dAkVk,41.0,122560.0
Unsatisfied,4QuYdbaC0j3lzmt5hLgMjj,40.0,241773.0
What You Do To Me,6DOJgDuUVDaJ98GQxwyLTh,39.0,120706.0
Open My Eyes - Live,3FTyNyQH3WHrbRmdjSGoUW,19.0,184989.0
Another Nail In My Heart,7c3WIsUNdaMNbQQzL1Q56l,42.0,176173.0
I Saw the Light - Live,5fUimVJWL0VENqbtT9krjg,19.0,186334.0
Put the Message In the Box,6fExMvR1PjfDzqaQSqSmn9,43.0,256466.0
Real Long Time,3XJWtFxgZdEn1pyFlirO1l,39.0,197906.0
My Mood Swings,5FOsYH9yIvcObWLmJVLQzv,39.0,130759.0
The Slowest Drink at the Saddest Bar on the Snowiest Day in the Greatest City,7o2M1H5G247OQs98gIo10z,41.0,193186.0
Jump Rope Gazers,1awytjc79cueIqbstbKvDf,38.0,312182.0
"Mars, the God of War",2TE1QyE4YymvBZEI1pljZ5,38.0,173400.0
I'm Shakin',6pfdB0WcH6y22C3enLfFrq,39.0,214120.0
The Deep and Dreamless Sleep,1U4zy8RGw5gY8M3yusibRY,41.0,275133.0
Look Sharp!,1PXshYSkA3gGYOrInU3lRE,43.0,202400.0
Since You've Been Gone,3BWOEIkW9H7tCr8wwjzOyf,46.0,286466.0
Headache,1Gn26rwYspCFLGOz2ossbj,36.0,172560.0
Festival Song,5P76l1d9jcA4NQFD6JXTp2,40.0,174222.0
Timebomb,2S6yBUXa5KddBV0CqBkcP1,37.0,188746.0
Good Girls Don't,426i8hiYTwwlImNaluBb9C,39.0,189173.0
Your Side,7zWITCqekLNNVOS6wiCaZt,38.0,281586.0
Hero,4Fj6KslSYYQ1kAbafiKoz0,41.0,236346.0
The Authority Song,7gAw3OKcrfeRWOFxWs7wgK,41.0,217213.0
If We Wait,3nX5TiovePqS6yG8pYdwR2,39.0,173026.0
Let's Go,0NGaWOKIpwRQ5TDS1CDoSh,38.0,159720.0
Waitress in the Sky,7Da4J2ZWMnE3CDAxQm0nPp,38.0,122893.0
If You Want My Love,4y3clu5ma91RfOLO5YYOIA,45.0,215720.0
Only A Memory,4QlKsURJWveSH9C8pLQKWq,39.0,223293.0
The Beat - 2021 Remaster,1bqlDsBlBPxjK0zuFQcSXq,41.0,228973.0
California Kids,0UbS4oWIo2nUXeTxsvFaN1,40.0,205426.0
Generals And Majors - 2001 Remaster,3jJm28Q9MEhnRbxk2LdfkK,43.0,244506.0
Alchemy,7yhPFKShKFymungjXhdYxZ,43.0,134706.0
Basketball,5EguCi46VxK7t8oPXWsXCM,42.0,166880.0
glass beach,1rLvJoI9bsbTKCLh2zk1JZ,40.0,441096.0
Myriad Harbour,5XRgh8sTHjMQLcYQHXIYBt,41.0,240160.0
The One That Got Away,4td7liaGANeTeZ0hv8mJyX,42.0,171813.0
My Valuable Hunting Knife,4W5xR9p6Qa5kqUuDIcdvKD,41.0,120333.0
Do You Wanna Get High?,5IJ6rniX2mkT2ITklBSx6a,40.0,207760.0
Since You're Gone,7zIjH2tLYxfyn2AAijMQ54,41.0,213293.0
Rapture - Remastered 2001,0D6qZlc6vNR7PDW2RKGPsV,42.0,391426.0
Just Like Heaven,69u4YVuqKoVp3nZmpyxC8I,43.0,173560.0
Clear The Air,7dNsLDM4BflWv392VYzr7n,41.0,227000.0
Kids In America,0jmHObvVIbWJse3OoE4Jmz,42.0,198400.0
Mexican Wine,6sPuuzPOih8vLC92qLpdJB,40.0,202320.0
Nothing To Forgive,35So3EqoTmTiRCVNR1pZ1T,42.0,260063.0
Bad Reputation,5aNAOwr2QoRbvyRG7ZVrhf,38.0,248560.0
New Mistake,7a7y3aPXd5STF9BvCG6slI,40.0,242826.0
We Begged 2 Explode,6pB6TO6Bqb1iPUUxwmlNhc,41.0,224150.0
Idea/Intent,3nRUUaXXSDdK66Gv882ZwM,40.0,160080.0
Can We Still Be Friends? - 2015 Remaster,5MRIlJbi80rdC8mHUh5bpk,44.0,217693.0
Rainbow Connection,2i17YXd93A17BSsut23gEa,38.0,240506.0
Kids in America,5lZAzpl6XoswhDz7BukTta,42.0,191240.0
Harvest Moon,2uUCCzxbK2oxUMayYqGhdd,39.0,230658.0
Sink to the Bottom,6zFzvsuGcPrq1kLKQo5fij,1.0,192493.0
The Call of the Mountains,0vTEksNDRuJxDMLOOgn0fA,52.0,253896.0
Getchoo,1rvbY7HXYsFXSlLqxphocK,41.0,172600.0
Bang On The Drum All Day,1RrmaSK3GCuQKG4sIy9hjT,41.0,214200.0
No Other One,3pdwtknFmM6xocVEpj7yAl,41.0,181693.0
Los Angeles,5tAAIc2ve40EUsG1v1QTDQ,37.0,249000.0
Sweet Tuesday Morning - Remastered 2010,0V8SWgdKA0BWydzwQflZAY,49.0,150786.0
Thorn,1itdqrdh0IdXGbH8ecmck3,36.0,203077.0
Just Tonight,5ZLwbxq5jydIxksfX6ezAn,44.0,206373.0
Senses Working Overtime - Remastered 2001,0XDv7SLyMkGcAnb12fMHa1,47.0,290667.0
Every Night Is Friday Night (Without You),0EDIRMxCC8ByrL1Tk0LP7H,40.0,165106.0
Place Your Debts,29f4cPjqBi9n5lS8XQlKa3,44.0,310380.0
No Scrubs,3wQxUfquHLpgHoU6fo8Z50,42.0,190280.0
Headbanger,0NnYZbIlRXa4LSSsGc7960,44.0,119346.0
Crawlspace,7h6cHmS6YNYgRdX7qtzWUe,36.0,181363.0
Beyond Belief,5qIWEtVAzylkR5zzMEk5uA,43.0,154586.0
"Another Girl, Another Planet - 2008 re-mastered version",5TmQl8urbTlfZb8xKisSl0,49.0,181173.0
Blood And Roses,3wbLj9Rd3YBZzKRDxC266o,38.0,216826.0
I Hear You Knocking,6SGIfyXBjvwCvVumbuI44k,38.0,167026.0
Way Down Now,7n0cOijx7XdTk1MKGY8mIa,43.0,229440.0
Funny Farm,6gA7vwxG46LNt6I5gl034L,37.0,124986.0
Heaven or Not,1GDOZF5Qb8Os6LpXLNZpv9,37.0,196114.0
Sugar Town,7yK4I3dJwpJa25vXnaQReM,42.0,159000.0
Dyslexic Heart,6h0lrpGtRIwbBiPHthDB3o,41.0,271200.0
Daisies,3uwaQH9ibLHv9lCZ68qHBb,40.0,173192.0
Magic,7z8k6KAvjHX3RtkYNhIC9B,43.0,237093.0
Bigger Than Kiss,4EAql3BjJv4GtJZnQb5juh,46.0,122933.0
Once I Had A Love (AKA The Disco Song) - 1975 Version / Remastered 2001,0UFLbtupYWaDGMS4io94Ml,45.0,238973.0
Sweet Dreams (Are Made of This),0fjMXEy7uQIMtGlhHfzqXh,43.0,214760.0
Dope Nose,741oLronOsunwlx4MSZ6YY,42.0,137400.0
All Mixed Up,35jXTF1ALlzkrS2k1B5dkF,42.0,257826.0
Inside Of Love,56hMpSZ6CZ2gjmdKdNN8pz,38.0,298666.0
Let It Happen,2Vm9PdvlNkCDqInLdOVkAN,44.0,205506.0
License to Confuse - Remastered,4hjMwtr7tPmU62d32Hwia5,44.0,106613.0
No Myth,4SZozsPsG0vJ2Ti8BGxKsR,40.0,250813.0
Valerie Loves Me,4m8XQcbzTQIhOQ8QpLQDTX,38.0,185000.0
The Boy,1WypLBcOgtNO0meaWKBkVQ,41.0,182786.0
Back To The Shack,42YgaJLCehufTbH2orwBHM,42.0,185160.0
Getting into Trouble w/ the Boss,21WdnLnH0XhCkjD8WmQGx1,38.0,179947.0
Pink Slip,3YBTXrTpqriGWqN5CCFa2A,42.0,198066.0
Tonight She Comes - 2017 Remaster,38grNTrwhKRovfJNgtN3l8,46.0,237668.0
Across The Sea,7JJPh9eOiSr8zYlBjcu2w0,43.0,272773.0
Got The Time,3KN86akwYYXnMX6pBqw9d0,45.0,178533.0
Ozma,5DSv9ShPSKFgKTt7a993l6,41.0,207546.0
Oliver's Army,4Zz1ctRTK04dytKiFuavBX,55.0,180840.0
Question,2m5ItG3IIMsaGYJjZOvUoE,42.0,135973.0
A Salty Salute,1oeHOoPRMhyd9CrhjrUZJm,43.0,89066.0
Knees Deep,6QZ5TAWM48V8b6pkwByX5k,41.0,219133.0
Pink Slip,2B3rMMt60mbgOSl7aqLAbx,39.0,198066.0
Celestial,3msnSAftnhvA7B0Wsbr0vM,43.0,188316.0
Ship of Fools,3ndKgw7LvKO7zIk1rgOQJ2,47.0,268493.0
Really Really Light,3mddquq4qcQ7hWhybpBVQn,44.0,201373.0
Memories,29BK3FAFBEfhO5w4ZlFrky,45.0,194306.0
"Someday, Someway",7dQ567w1sgimjt4r3l56W0,38.0,171946.0
Iambic Pentameter,1ieoMz6Bdm2wma9ofpB0Ji,44.0,231133.0
"Radio, Radio - 2021 Remaster",0qvo5kciIqZJn1t8jdfqDn,44.0,186213.0
Cool Kids,2XTggG0CO00DkQy3U9rj1e,46.0,133293.0
Fog Machine,3n0rrjFlZyNSjkYkI3GCdy,39.0,193549.0
Asking for a Ride,22A1wUyMjB1UtQc4JsnSpO,39.0,175202.0
Sick of Myself,4inXYz8i3xRpNbxZJ99Clo,40.0,218560.0
Sucked Out,4YN94yxYWFfhk9YbmOIqR4,40.0,166800.0
Silence Is Golden,7m3Lu7PUKNDJ2HgvrAKME9,41.0,176040.0
"Mighty Wings - From ""Top Gun"" Original Soundtrack",32SckiFOYb8bwYewY51WA7,50.0,231040.0
Keep Fishin',1ljTFrbwY1ojpfd6bAmPTZ,43.0,172266.0
Hackensack,11PUdjgVfGEZLG9zs9UeTp,42.0,180093.0
9/10,53XiAFWzn7cGwHF86nnUAt,41.0,209717.0
Veronica,5zHgT1ibsBrSOEnQwZapto,46.0,189506.0
Summertime Thing,4mhGypdjd234FSSAWTzo6T,44.0,311706.0
Drunk II,4j1OTpSF5ejqYPKwqHvlzM,42.0,268695.0
Shake It Up,5OWokvF4QOqMDQ8ByQsm6V,45.0,215440.0
Since You're Gone - 2017 Remaster,32DHqroB1hXKwtDap7vTZL,44.0,211306.0
Big Casino,463wBlCYhDPuOVvAU8bS1h,44.0,220733.0
Up The Junction,1zU0kAJdEPyRs4x5gkQQER,54.0,191320.0
Photograph,4hA3OFMvHCFCK3TfJYdbif,44.0,139093.0
Radiation Vibe,3XApt3UvXtv8y9S6DrAxCL,42.0,221173.0
Happy Hour,6ILpnOUHollfHp4xWH7nqV,43.0,177280.0
Welcome To The Working Week,39rkLB2TEENIvhwAlRC5ae,47.0,83053.0
You Might Think,7BvuV4c1BGhaRapcXvRu5z,47.0,185026.0
Save It For A Rainy Day,6IZIEhCq9crPjl2jGUvELS,46.0,187733.0
Control,1BrI8GZkG9Rd8Gvx4nBf9Y,42.0,195129.0
One Way Or Another,3DiRdaZtPrVdb4U2RIuRWm,49.0,208466.0
Nightlife,2gTVUNQeGtHXKWlrgcXcvG,46.0,149506.0
Little Death,2UqQSQs374VvToMlPdsS6V,42.0,294893.0
Dangerous Type,4bAPgfMT2sJOBQTvIWepQe,44.0,271533.0
"You, In Weird Cities",0o6KIlrsESViqCCT3fNHBY,44.0,219663.0
Hey Suburbia,6KslbFskfJ9Ox01MECo1zr,47.0,119253.0
Dear God - Remastered 2001,6nFdjV1Ko66O111x74K2kn,47.0,219506.0
Something Loud,5wZK0hHduZpjWWoT0rq9p4,45.0,196618.0
Fog Machine,2oLMRpIzmWXJAI1oEuSqsc,47.0,193549.0
Bastards of Young - 2008 Remaster,0ritgEzDOsxbd2IfYX96S9,45.0,218066.0
Last Christmas,6VV8EboIsnmgv8Yy11g6Ww,45.0,267773.0
Believe Me - Remastered 2010,0JqDfzUZZi86BoZnx1MPQv,50.0,180053.0
Thank God for Girls,5uywMR3hTeVPoWaFDSliJb,44.0,210186.0
Future Me Hates Me,0eL1VqUPElim7IP5eezImS,43.0,245813.0
"Champaign, Illinois",5Ed2crPH1EuxwI1iUKZlnD,43.0,205386.0
A Little Bit of Love,0JW1mKemtn6krfNC2rXhec,45.0,164492.0
One Way Or Another,1gKmnrz6SzJlGMNRKBLx1V,56.0,216400.0
Start Choppin',7yThIhNzpgDBIGoL2y1y6u,48.0,340186.0
Pain,0SUClY63fA1awioMFtMYeE,46.0,181306.0
"I Want You to Want Me - Live at Nippon Budokan, Tokyo, JPN - April 1978",6hnCx2jmD0RPkbtzUXSBn4,46.0,223666.0
Izzat Love? - 2015 Remaster,5hb92JsDZjB3PuysBhwTAS,47.0,115173.0
Sink to the Bottom,32uXfxJERzv4RK1gMLXbOA,46.0,192493.0
We Wish You A Merry Christmas,1swm2Hei9tUlcohs0zj7DU,46.0,84973.0
Falling For You,1MnXNW03vkijBz0GHAsHgW,45.0,227733.0
Happy Together,3KxOYNt66Hj42HzO7ao0CV,46.0,145640.0
I Will Dare,1MV5BzujqyRQ417qj0rXNS,44.0,197426.0
Androgynous,3fnL2JDgy4QD04araOl0eY,47.0,190853.0
What Happens After You?,5x7Ffxc1Obg13x5IzM1XXV,47.0,199592.0
Heart Of Glass,41AE8ODX2JETBCa6muhSLY,61.0,252186.0
Take It Off,6QyBIZEvs11K9lKjyLYtv6,46.0,161999.0
yoshi's island,0VRQADlw43O3JTGp5KkEn7,45.0,378813.0
Say It Isn't So,5MCIbKkyD1O7OZzXhzI7Rl,49.0,227760.0
All My Favorite Songs,6zVhXpiYbJhLJWmLGV9k1r,46.0,202703.0
I Want A Dog,0uYYTsx565AvNkQJMzGzmK,47.0,168666.0
Awful Bliss,57TUYBa41jfW56U2U9652l,49.0,72466.0
"You Might Think - From ""Cars 2""/Soundtrack Version",5tKlIgkTo8QZBVLGkyhEso,49.0,187266.0
Thank You for Being a Friend,5yNUgA66PbcPIJPOU2eBwR,45.0,280760.0
Pash Rash,4WaO8txBXmh3XWdXhUsH0Z,46.0,102870.0
Dream Police,1YiAY1oCmkFjUabQL9gos4,47.0,233133.0
Alex Chilton - 2008 Remaster,2g9EvzLR2sYscJQubwKGqu,46.0,194373.0
Work,7jOmU5z5lgwTL5meoapbMf,46.0,203506.0
Everybody Wants to Rule the World,3gEoKDn0uhb9qqLwC16tly,47.0,244800.0
Call Me,0vLwL4xuJ3s7SeaCdvMqkY,54.0,212893.0
Might Be Right,5YTDnlr6qzl0XIGCqHP7sx,45.0,237013.0
I'd Die Babe - Remastered 2010,5CmGnAY7I7Ggj303HZBbkX,51.0,154413.0
classic j dies and goes to hell part 1,3ezuOjWuTirncJITAb8ahf,45.0,304144.0
Pages,2B9sTgrTUR2Cg9o8e1GT9w,46.0,154098.0
It's All I Can Do,1Lf1BSVQV4Q5SuKeHhGd2A,46.0,225760.0
I'm Not Getting Excited,3pwjsxeH4rQj347LHpsf7U,45.0,162280.0
"Mighty Wings - From ""Top Gun"" Original Soundtrack",4rETMmjiQ7NL0KFCIZa5oV,55.0,231080.0
Tired Of Sex,42hDrA9GTkuvpxjLtAshct,47.0,181706.0
Come And Get It - Remastered 2010,0wb21I1NV5uVUolRXIqlJF,50.0,143213.0
Don't Want to Know If You Are Lonely,4tPFEWRuNQhibDQSGB2PVE,49.0,210866.0
Why Bother?,43Qr1YBCY3vSVCvZuR0PCb,47.0,128400.0
Take on Me,1ZB2qWsheGabSEYvBYxjKn,49.0,223560.0
Making Breakfast,5HjqXQPZi27d92H5gCo1Oq,44.0,132668.0
Atomic,5QIbR39hAEDIOkr4ggh4xc,54.0,280324.0
Moment In The Sun,3srgB1L9XfePDOIY4DrN2K,48.0,189634.0
No One Else,2w12ff20EDDeXpsx08CgG5,48.0,184506.0
Holiday,5vkkhwtKWnGkFu3tagE71D,47.0,204933.0
Skate or Die,1dkGTWxlpBpcFl3AfAPCcj,51.0,110800.0
Mr. Blue Sky,7ptKh9V0xt8CjLn0Z7ZgYd,48.0,286346.0
"I Want You to Want Me - Live at Nippon Budokan, Tokyo, JPN - April 1978",6TBJCwgdhwkzjpSjdqJUHC,49.0,225093.0
Heart Of Glass - Remix,5Q8SPijJts3lV4fcmCrZXp,45.0,351293.0
Records,23ZmKlucJRQrdR0QItAafL,48.0,208920.0
Hey Julie,2LGAbm0xHNu7scBDVCkFwN,50.0,156933.0
Surrender,669cOBjpY4Y5O98Nmk6139,51.0,253826.0
When You Know You Know,3DpvrjdkaRAinFhNLoJuKa,46.0,248666.0
Hello There,0P1jQfRErBjgOSTbVKtCW7,52.0,100826.0
Candy-O,6tVcoaFJVBmHWctf8qC8pK,48.0,156133.0
Pulling Mussels (From The Shell),2TjXzbUt5zQ4PpHG0dEaT1,49.0,238133.0
Surf Wax America,1w8gsT5RBrFfTrLYhDRJIk,48.0,186440.0
Hot Freaks,7Fwnn8npShUzE9HtVp9Y1H,50.0,102693.0
"(What's So Funny 'Bout) Peace, Love And Understanding",77XzsYwTkvLoveW01Lanrk,48.0,211630.0
Burndt Jamb,1ytYTPuKbW0NIXb2kgmSVq,48.0,158592.0
Hanging On The Telephone,62H036AjK703qvKZBLopzV,46.0,145075.0
Dreaming,2Rn7bVL1FVYboc4c55RUdg,48.0,188493.0
"As We Go Up, We Go Down",3L1Fumo5u8mGvX10PK3vwG,47.0,97226.0
Maria,7bOYOD0d7ByMTXvJnQVl8d,63.0,249426.0
Everyday I Write The Book,1P9523tBg56NRc78lX2i4l,49.0,234306.0
Good Times Roll - 2016 Remaster,0nFKHCf1Ibij8m370l2KlZ,53.0,225226.0
A Girl Like You,4qz8PpznLcX5AtoUusIiAh,48.0,282866.0
Shake It Up - 2017 Remaster,3ZBzJbqwV2gQUAe4ofghOo,49.0,211960.0
Dark Enough to See the Stars,2qp9ar5F0369WhoBgEZfZF,51.0,156453.0
Romantic,4owwbtf2EQmOjLCJyEFbHR,47.0,159920.0
A Little Bit of Love,0eLXFaZoGjVbzNmMd4LpmA,49.0,164359.0
She,31Tp5iKrVUayn65qhg06nE,65.0,187720.0
Nausea,0wn7AelIhpkAaO5lU1CEZ9,48.0,164285.0
Lonely Boy,6wGMLoEqD2k3RBXFHD0yUp,52.0,264893.0
I Don't Know What Christmas Is (But Christmastime Is Here),7AD4sAsJJQm0Bog0zhwYrf,53.0,182986.0
Girlfriend,338gPBomyqx33wfeF1AGOd,46.0,220000.0
I Want A Dog,4I0bDgCk3sdo2ap9SIeLR3,50.0,168666.0
Magic - 2017 Remaster,0SAbkr0dS7WK3yJSjaZSZl,50.0,237232.0
In The Garage,3If9Idk1rglOqubIsJcpmv,49.0,235706.0
Bozo,7pllzZF7apoqG7htbXAQsd,48.0,155034.0
(If You're Wondering If I Want You To) I Want You To,09aDV0TC2RfWFU5IwZfIdG,46.0,208773.0
A Praise Chorus,0n7d3no0cHnsnkgfFzDuj4,49.0,243506.0
The Rain The Park And Other Things,5Ozv6hQIj20iX3nFfJCe8E,51.0,184240.0
Bye Bye Love,2bNOq6aol7JZ0JJtLlg3TK,49.0,255160.0
All the Love in the World,5sf1wqBZsHkpy7dPnDb7aD,62.0,212240.0
Making Plans For Nigel,1XT5kxg6Tk0ukCO2vBQN4v,55.0,253800.0
One Way Or Another - Remastered 2001,5Th6EdNVhxp0TPX41ZLZk6,54.0,212706.0
You're All I've Got Tonight,2RH10TTlPhq8S61rXlVssL,49.0,254706.0
Dear Angie - Remastered 2010,54qG9hpUjLgkgTJQ9qvB1P,53.0,160906.0
The Good Life,5CjwXdq5Z73Va0XCPFG5Aq,50.0,257000.0
Cruel to Be Kind,7D5ycpIrqwGNTQFKmzhDIg,52.0,210131.0
Bang the Drum All Day,54EvqHberbpzMu7nu8hs9S,48.0,215400.0
Lost in the Woods - Weezer Version,227zkOoNpqRrzEPxvVRiF5,51.0,185231.0
Expert In A Dying Field,7v5SMNpbt9eaO7dFHGoXLZ,48.0,251213.0
Feels Like Summer,2jz1bw1p0WQj0PDnVDP0uY,49.0,195893.0
bedroom community,4HJc004qYXE9zsG6PfTFFj,50.0,361328.0
Can't Hardly Wait - 2008 Remaster,0NX14YH2t16bwwlJSfXazr,50.0,188146.0
Troublemaker,4r53Y7uKvyXCU7a9dsnb58,48.0,164693.0
Alison,1v98rfd0an913AzHvMNG8a,54.0,204533.0
Swingin Party - 2008 Remaster,14g6foD6sxO1qgkDKuPgWv,51.0,233573.0
The World Has Turned And Left Me Here,06isZAG9Bgm4jhPj7V0Rhx,51.0,259466.0
Thirteen,3BQLTtpQOYGXQY2lT3ZZeU,49.0,154666.0
Perfect Situation,1D7UBHqaPWDbBHs2S5YXge,51.0,254333.0
Popular,48sJGpBLqQTs0sZ2ImHJof,53.0,220586.0
Moving in Stereo,5xLfQuX5YAfog2JgPz0dpA,51.0,286106.0
El Scorcho,3g2gQMeeQAEPztiQKMlGSl,51.0,243466.0
Game Of Pricks,7E99aG3oPQslXHHdnKFAmB,52.0,93306.0
Rapture,6F2vo4sxRNQ58VYe3pdiaL,53.0,299373.0
Day After Day - Remastered 2010,2XKW8CH8nRZH9cF2DNjBHN,54.0,191053.0
When Did Your Heart Go Missing?,60okmgzrYnFh2nXfi0XxWR,48.0,213333.0
Only In Dreams,3DkHNCA4QRBQgTzF2T18hm,53.0,479066.0
The Flame,528CAH5pTLq86oZ52fHifA,62.0,338800.0
Steppin' Out,2KY0QUeRY3IPuJI1gyU9BJ,51.0,268200.0
All the Young Dudes,0WNGPpmWqzPnk0psUhJ3SX,59.0,211066.0
Blue,5cDfI3KOa64zbuUgD6a4hG,51.0,189506.0
Feel the Pain,28c4nfBHdb3xviamRCEsIe,54.0,259600.0
Pink Triangle,6qQGxKyy6LcyZVsWn93lyS,53.0,238600.0
Pages,6j6OD4QQ2jRuvss0ssZSOK,55.0,154098.0
Drive,3wfujdbamR3Z46F4xav7LM,62.0,234493.0
Africa,3ZPKocroJIcnHGcnJVlLKD,54.0,238626.0
Hello It's Me,3gHFKiDanj4d2rqgHlRFFc,52.0,264093.0
Blue Coupe,3jw5KrLTxeIzpSvByNsH7F,54.0,222672.0
What Happens After You?,3hbfbdcpmFGMBpTbSKVJYu,1.0,199592.0
"Spooky, Scary Skeletons - Undead Tombstone Remix",1sUdq3kWa9dJXHu3eYOUll,57.0,125624.0
Pump It Up - 2021 Remaster,3oyc1mIdCBGaU55wX7otqM,57.0,196680.0
I Saw the Light,0B1zVsLqmV9ibIFdNS5tGs,53.0,182800.0
Go All The Way,75GQIYnRaBg7ndHxhfYuQy,58.0,205346.0
Tempted,5r2z0FHOoFI06GZEVGDjzM,56.0,240333.0
Hear You Me,1TvNcWY7WwPLQINhimxycA,59.0,284373.0
Baby Blue - Remastered 2010,6S3JlDAGk3uu3NtZbPnuhS,62.0,217346.0
Let My Love Open The Door,0otlwsD3mSogk7VJCTp6Kg,60.0,164653.0
What I Like About You,6NdcSEhpGGAYXNnnhGS2s6,59.0,175400.0
Let's Go,43G3McVkRa8V7oGQzfQuRr,57.0,213173.0
Talking In Your Sleep,7fRvtXvJMpGfTLdF0M09a1,61.0,235093.0
My Name Is Jonas,4nzyOwogJuWn1s6QuGFZ6w,57.0,204293.0
Good Times Roll,7hVhRCDV100Jq26NGR7adw,58.0,225853.0
All My Favorite Songs (feat. AJR),3A6nR4GSolo160nu7xtDk7,57.0,170720.0
Pork And Beans,7wclPheMJAUKn2njmO2s3A,56.0,189400.0
No Matter What - Remastered 2010,0zK545STj6P7qbFSpCK9pp,60.0,180546.0
Pain,2WhDg8UWljoAl8oNh8uZbJ,59.0,181306.0
You Might Think,35wVRTJlUu2kDkqXFegOKt,60.0,184717.0
Heart Of Glass - Special Mix,0a4agFmqHXxcZl1nho1BxM,65.0,275733.0
Drive - 2017 Remaster,2lFFiNm0XtgJ6wkdncTB4k,67.0,234332.0
cold weather,50u2y4zgROMZq2db8Qx94B,59.0,138119.0
I Just Threw Out The Love Of My Dreams,35SRuRfp5BvD1yArmXKNHO,61.0,157960.0
Bleed American,61XspFITuKmAlYdQacNCbF,63.0,181493.0
One Way Or Another,59CLe8stbcx4XYBWdsfbwK,59.0,217364.0
Surrender,2ccUQnjjNWT0rsNnsBpsCA,64.0,253733.0
Heart Of Glass,4v2rkl1mC3zVAz0nXMx9r4,59.0,229423.0
What I Like About You,4ebcE2SmkG7nplvzFAWRu7,64.0,175266.0
Hash Pipe,2mPMFJvQ0v27gVqe5b6nDn,63.0,186533.0
Your Love,5dRQUolXAVX3BbCiIxmSsf,68.0,221840.0
Sweetness,429IbFR4yp2J81CeTwF5iY,64.0,220026.0
My Sharona,1HOMkjp0nHMaTnfAkslCQj,70.0,295400.0
Call Me,7HKxTNVlkHsfMLhigmhC0I,65.0,212226.0
Undone - The Sweater Song,5WhtlIoxoZrMmuaWWEQhwV,67.0,305533.0
Just What I Needed,4alHo6RGd0D3OUbTPExTHN,67.0,225626.0
Beverly Hills,1yKu2MhpwzDXXH2tzG6xoa,66.0,196093.0
Your Love,4oDZ5L8izBals6jKBJDBcX,73.0,216466.0
Buddy Holly,3mwvKOyMmG77zZRunnxp9E,70.0,159226.0
Stacy's Mom,27L8sESb3KR79asDUBu8nW,70.0,197986.0
Say It Ain't So,6VoIBz0VhCyz7OdEoRYDiA,72.0,258826.0
Island In The Sun,2MLHyLy5z5l5YRp7momlgw,74.0,200306.0
The Middle,6GG73Jik4jUlQCkKg9JuGO,76.0,165853.0
